Workbook

Sheet Prehľad
A1: Prehľad aplikácií Aura Suite
A2: Koľko aplikácií máme, čo každá robí a v akom stave je · stav k 4. 8. 2026
A3: Aura Suite — 6 modulov podľa reálnych aplikácií rodiny Aura
A5: Súhrn
A6: Ukazovateľ | B6: Hodnota | C6: Ako sa počíta | D6: Kontrola
A7: Aplikácií / modulov | B7: =COUNTA(A20:A25) | C7: riadky v tabuľke Moduly nižšie | D7: 6
A8: Funkcií spolu | B8: =COUNTA(Funkcie!C5:C65) | C8: list Funkcie | D8: 61
A9: — z toho overených | B9: =COUNTIF(Funkcie!G5:G65,"overené") | C9: Funkcie · Overenie = "overené" | D9: 44
A10: — rekonštruovaných | B10: =COUNTIF(Funkcie!G5:G65,"rekonštruované") | C10: Funkcie · Overenie = "rekonštruované" | D10: 13
A11: — ukážkových | B11: =COUNTIF(Funkcie!G5:G65,"ukážkové") | C11: Funkcie · Overenie = "ukážkové" | D11: 4
A12: Obrazoviek spolu | B12: =COUNTA(Obrazovky!E5:E58) | C12: list Obrazovky | D12: 54
A13: Rizík spolu | B13: =COUNTA(Riziká!B5:B20) | C13: list Riziká | D13: 16
A14: — s vysokou závažnosťou | B14: =COUNTIF(Riziká!D5:D20,"vysoké") | C14: Riziká · Závažnosť = "vysoké" | D14: 4
A15: Externé SaaS — € / mes. | B15: =SUM(Náklady!D6:D13) | C15: list Náklady | D15: 1240
A16: — potenciál úspory | B16: =SUMIF(Náklady!F6:F13,"nevyužitá",Náklady!D6:D13) | C16: aplikácie označené ako nevyužité | D16: 160
A18: Moduly
A19: Modul | B19: Účel | C19: Reálna appka | D19: Port / URL | E19: Stav | F19: Hub /api/summary | G19: Vetva | H19: Stack | I19: Testy | J19: Git | K19: Veľkosť | L19: Kontajnery | M19: Vlastník | N19: Náklady | O19: Funkcií | P19: Obrazoviek | Q19: Rizík
A20: Aura Marketing | B20: Marketingový kokpit: ads hierarchia s ROAS pásmami a AI banner štúdio s campaign lockom. | C20: sperky-ai (aura-web) + Aura Banner Studio | D20: 3000 · 8091 | E20: V prevádzke | F20: Chýba | G20: B (sperky-ai) + A (Banner Studio) | H20: sperky-ai: Next.js 16 + React 19 + TS, argon2id + jose + zod, defineRoute() pipeline, non-root kontajner, 43 numerovaných migrácií s _migrations ledgerom. Banner Studio: Node 20 + Express 4 + MariaDB 11.4 + vanilla SPA + JWT, Playwright/Chromium render, obrázky na volume. | I20: sperky-ai: 105 vitest + 3 Playwright. Banner Studio: 0 testov. | J20: sperky-ai: repo aura-web (4 worktree). Banner Studio: bez GitHub remote — gh nie je v prostredí. | K20: sperky-ai globals.css 1 172 r. / 719 súborov · ~233 000 riadkov kódu | L20: sperky-ai-app-1 · bannery-app / bannery-db / bannery-ngrok | M20: Gabika (Banner Studio) · Marketing: Gabika, Ema | N20: AI budget strop 300 € / mes. (provider default mock → reálne čerpanie 0 €) | O20: =COUNTIF(Funkcie!A5:A65,A20) | P20: =COUNTIF(Obrazovky!A5:A58,A20) | Q20: =COUNTIF(Riziká!A5:A20,"Marketing")
A21: Aura KPI | B21: Mesačné a ročné KPI 12 oddelení s pásmami, uzávierkou a Team score. | C21: aura-kpi (C:\Aura\aura-kpi) | D21: 3030 | E21: MVP v prevádzke | F21: Hotové (8003483) | G21: A (vanilla SPA) | H21: Node 20 + Express 4 + MariaDB 11.4 + vanilla SPA + JWT, bez build stepu, window.registerView() SPA kit | I21: 0 testov (vetva A) — overené end-to-end ručne v Dockeri 23. 7. 2026 | J21: lokálny git, 8 commitov A0–A7, bez remote | K21: styles.css 652 r. · 12 oddelení · 16 metrík · 38 vstupov · 48 pásiem · 22 nových tabuliek | L21: aura-kpi-app : 3030 · aura-kpi-db (mariadb 11.4) | M21: Ema | N21: bez licenčného nákladu (vlastná appka, vlastný hardware) | O21: =COUNTIF(Funkcie!A5:A65,A21) | P21: =COUNTIF(Obrazovky!A5:A58,A21) | Q21: =COUNTIF(Riziká!A5:A20,"KPI")
A22: Aura Logistika | B22: Týždenná evidencia zásielok a reklamácií naprieč 8 krajinami a 5 prepravcami. | C22: aura-logistika (C:\Aura\aura-logistika) | D22: 3020 | E22: V prevádzke | F22: Hotové (0ffec3d) | G22: A (vanilla SPA) | H22: Node 20 + Express 4 + MariaDB + vanilla SPA + JWT, bez build stepu | I22: 0 testov | J22: prvý git repo dostala až 3. 8. 2026 (baseline commit 41b7165) — dovtedy bez verziovania | K22: styles.css 643 r. | L22: aura-logistika (sieť aura-logistika_aura-logistika) | M22: Daniel | N22: bez licenčného nákladu; poštovné júl 2026 ≈ 11 603 € (prevádzkový náklad dopravy) | O22: =COUNTIF(Funkcie!A5:A65,A22) | P22: =COUNTIF(Obrazovky!A5:A58,A22) | Q22: =COUNTIF(Riziká!A5:A20,"Logistika")
A23: Aura HR | B23: Interná evidencia: ľudia, pozície, zdieľané schránky a firemné aplikácie s nákladmi. | C23: aura-hr-mapa (interná evidencia) | D23: neuvedený v pamäti · plán hr.aura-ai.sk | E23: V prevádzke | F23: Neexistuje | G23: A (vanilla SPA) — praotec vetvy | H23: Node + Express + MariaDB + vanilla SPA + JWT; styles.css a SPA kit sa z tejto appky kopírujú do ostatných | I23: 0 testov | J23: nie je v Hades zázname | K23: 32 pozícií · ~90 rolových mailov · 18 zamestnancov · 8 uzlov org-stromu | L23: nie je v Hades zázname | M23: Delaja (CTO) | N23: register 8 firemných aplikácií ≈ 1 240 € / mes. | O23: =COUNTIF(Funkcie!A5:A65,A23) | P23: =COUNTIF(Obrazovky!A5:A58,A23) | Q23: =COUNTIF(Riziká!A5:A20,"HR")
A24: Aura Roadmap | B24: Plánovanie, evidencia pre reporting a rozhodovacia fronta. | C24: aura-roadmap (C:\Aura\aura-roadmap) | D24: 3040 | E24: V prevádzke | F24: Chýba (WIP) | G24: B (Next 16 + React 19) | H24: Node 22 alpine + Next.js 16 output standalone + React 19 + TS, MariaDB 11.4 s raw parametrizovaným SQL (bez ORM), numerované migrácie + _migrations ledger, argon2id + jose HS256 + app_sessions revalidované per request, defineRoute() pipeline 100 %, CSRF fail-closed, rate-limit + lockout 5/15 min → 423, CSP, non-root kontajner | I24: vitest ko-lokované + 3 Playwright e2e + axe; guard globals.css.test.ts zhodí testy pri raw hex mimo :root | J24: branch feat/aura-family-port, 10 commitov, BEZ GitHub remote (gh nie je v prostredí) | K24: globals.css 605 r. + timeline.module.css 1 820 r. · 20 tabuliek (zjednodušené z 36) | L24: aura-roadmap-app : 3040 · aura-roadmap-db (DB aura_roadmap) | M24: Daniel | N24: bez licenčného nákladu | O24: =COUNTIF(Funkcie!A5:A65,A24) | P24: =COUNTIF(Obrazovky!A5:A58,A24) | Q24: =COUNTIF(Riziká!A5:A20,"Roadmap")
A25: Aura Tržby | B25: E-shop report tržieb — júl 2026 (1.–27.), 5 679 objednávok. | C25: dnes statický HTML report · appka zatiaľ neexistuje | D25: plán 3060 · trzby.aura-ai.sk | E25: Appka neexistuje | F25: Neexistuje | G25: plán A (vanilla SPA) | H25: dnes samostatný HTML report (štandard Inter). Plán: vanilla SPA na porte 3060, nightly sync 03:00 zo sperky-ai /api/orders/export (vznikne až s F6) | I25: — | J25: report je súčasťou tohto repa; appka neexistuje | K25: 5 679 objednávok · 27 dní · 8 KPI kariet | L25: — | M25: Delaja (CTO) | N25: bez licenčného nákladu | O25: =COUNTIF(Funkcie!A5:A65,A25) | P25: =COUNTIF(Obrazovky!A5:A58,A25) | Q25: =COUNTIF(Riziká!A5:A20,"Tržby")
A26: Spolu | B26: Súčet je len za 6 modulov. Naviac: spoločná vrstva (13 funkcií) v liste Funkcie, globálne obrazovky (4) v liste Obrazovky a riziká vedené ako „Spoločné" v liste Riziká. | O26: =SUM(O20:O25) | P26: =SUM(P20:P25) | Q26: =SUM(Q20:Q25)
A28: Legenda — stupeň overenia
A29: overené | B29: Je to v tomto repe — dá sa otvoriť a skontrolovať (HTML mockup, README, git história).
A30: rekonštruované | B30: Z Hades pamäte o reálnych appkách v C:\Aura. V tomto repe dôkaz nie je.
A31: ukážkové | B31: Demo hodnota mockupu na predvedenie rozloženia — nie prevádzkový údaj.
A33: Zdroje
A34: repo | B34: apps/aura-apps-hub.html · apps/README.md (merge 817124f)
A35: Hades | B35: Hades pamäť — recon rodiny appiek C:\Aura (28. 7. – 3. 8. 2026)
A36: Poznámka | B36: Obrazovka = samostatná hash-routa. Modulové obrazovky sa počítajú vrátane intro stránky modulu; vstupné obrazovky (login, workspace, profil) a rozcestník sa počítajú zvlášť. README uvádza zaokrúhlené „45+ obrazoviek" — presný počet je nižšie v liste Obrazovky.
A37: Prestavba | B37: node apps/build/inventory-data.mjs > data.json && python3 apps/build/inventory-xlsx.py data.json apps/prehlad-aplikacii.xlsx

Sheet Funkcie
A1: Funkcie po moduloch
A2: Jeden riadok = jedna funkcia. Stĺpce Zdroj a Overenie hovoria, odkiaľ údaj je a či sa dá v repe skontrolovať. Filtruj cez šípky v hlavičke.
A4: Modul | B4: Reálna appka | C4: Funkcia | D4: Kategória | E4: Platí pre | F4: Zdroj | G4: Overenie
A5: Aura Marketing | B5: sperky-ai (aura-web) + Aura Banner Studio | C5: Strom Platforma → Kampaň → Zostava → Reklama s rollupom a ROAS pásmami | D5: Doména | E5: Aura Marketing | F5: repo · hub | G5: overené
A6: Aura Marketing | B6: sperky-ai (aura-web) + Aura Banner Studio | C6: Bannery 8 jazykov × 5 rozmerov, deterministický render HTML/CSS → PNG → ZIP | D6: Doména | E6: Aura Marketing | F6: repo · hub + Hades · Banner Studio | G6: overené
A7: Aura Marketing | B7: sperky-ai (aura-web) + Aura Banner Studio | C7: Campaign lock (svet + modelka), QA gates a learning loop do znalostnej bázy | D7: Doména | E7: Aura Marketing | F7: repo · hub + Hades · Banner Studio | G7: overené
A8: Aura Marketing | B8: sperky-ai (aura-web) + Aura Banner Studio | C8: AI provider abstrakcia mock / OpenAI GPT / Gemini 3 Pro Image, default mock + budget strop | D8: Integrácia | E8: Aura Marketing | F8: Hades · Banner Studio | G8: rekonštruované
A9: Aura Marketing | B9: sperky-ai (aura-web) + Aura Banner Studio | C9: Ads tabuľka: 11 riadkov hierarchie s rollupom metrík a farebnými ROAS pásmami | D9: Obrazovka | E9: Aura Marketing | F9: repo · hub | G9: overené
A10: Aura Marketing | B10: sperky-ai (aura-web) + Aura Banner Studio | C10: Galéria bannerov s filtrom podľa kampane a rozmeru | D10: Obrazovka | E10: Aura Marketing | F10: repo · hub | G10: overené
A11: Aura Marketing | B11: sperky-ai (aura-web) + Aura Banner Studio | C11: Znalostná báza importovaná zo sperky-ai (DB aura_marketing), 3 modelky, produkty + ceny | D11: Integrácia | E11: Aura Marketing | F11: Hades · Banner Studio | G11: rekonštruované
A12: Aura Marketing | B12: sperky-ai (aura-web) + Aura Banner Studio | C12: Nastavenia: provider, budget strop, API kľúče, rozmery a jazyky, export ZIP, learning loop | D12: Nastavenia | E12: Aura Marketing | F12: repo · hub | G12: overené
A13: Aura KPI | B13: aura-kpi (C:\Aura\aura-kpi) | C13: Plnenie = (skutočnosť − Min) / (Max − Min), cap 100 %; farby zelená ≥100 / žltá 60–99 / červená <60 / sivá | D13: Doména | E13: Aura KPI | F13: repo · hub + Hades · Aura KPI | G13: overené
A14: Aura KPI | B14: aura-kpi (C:\Aura\aura-kpi) | C14: Team score = priemer 6 zložiek; Copywriter váhy 60/20/20; Import tolerancia 5 %; EBITDA pásmo 1–5 % | D14: Doména | E14: Aura KPI | F14: Hades · Aura KPI | G14: rekonštruované
A15: Aura KPI | B15: aura-kpi (C:\Aura\aura-kpi) | C15: Heatmapa plnenia oddelení × mesiac, A/B porovnanie období a ročný pohľad | D15: Obrazovka | E15: Aura KPI | F15: repo · hub | G15: overené
... A65: Spoločná vrstva | B65: mockup Aura Suite | C65: Aura Hub — rozcestník appiek — Samostatná appka C:\Aura\aura-hub na porte 3050 (Node 22 + Express 4, bez DB, 37 testov). 6 kariet modulov s live metrikami, sparkline a pásom cross-app alertov. Každá appka vystavuje GET /api/summary chránený tokenom X-Aura-Hub-Token; hub sa dopytuje paralelne, validuje payload proti kontraktu a kešuje 30 s | D65: Spoločné | E65: globálne | F65: Hades · Aura Hub | G65: rekonštruované

Sheet Obrazovky
A1: Obrazovky
A2: Obrazovka = samostatná hash-routa v mockupe apps/aura-apps-hub.html. Modulové obrazovky vrátane intro stránky modulu; vstupné obrazovky a rozcestník sú vedené ako Globálne.
A4: Modul | B4: Reálna appka | C4: # | D4: Routa | E4: Obrazovka | F4: Typ / obsah
A5: Aura Marketing | B5: sperky-ai (aura-web) + Aura Banner Studio | C5: 1.1 | D5: #marketing/intro | E5: Intro modulu | F5: intro
A6: Aura Marketing | B6: sperky-ai (aura-web) + Aura Banner Studio | C6: 1.2 | D6: #marketing/dashboard | E6: Prehľad | F6: dashboard
A7: Aura Marketing | B7: sperky-ai (aura-web) + Aura Banner Studio | C7: 1.3 | D7: #marketing/list | E7: Kampane | F7: zoznam (6 riadkov)
A8: Aura Marketing | B8: sperky-ai (aura-web) + Aura Banner Studio | C8: 1.4 | D8: #marketing/bannery | E8: Bannery | F8: galéria
A9: Aura Marketing | B9: sperky-ai (aura-web) + Aura Banner Studio | C9: 1.5 | D9: #marketing/ads | E9: Ads | F9: tabuľka (11 riadkov)
A10: Aura Marketing | B10: sperky-ai (aura-web) + Aura Banner Studio | C10: 1.6 | D10: #marketing/detail | E10: Detail kampane | F10: detail
A11: Aura Marketing | B11: sperky-ai (aura-web) + Aura Banner Studio | C11: 1.7 | D11: #marketing/settings | E11: Nastavenia | F11: nastavenia
A12: Aura KPI | B12: aura-kpi (C:\Aura\aura-kpi) | C12: 2.1 | D12: #kpi/intro | E12: Intro modulu | F12: intro
A13: Aura KPI | B13: aura-kpi (C:\Aura\aura-kpi) | C13: 2.2 | D13: #kpi/dashboard | E13: Prehľad | F13: dashboard
A14: Aura KPI | B14: aura-kpi (C:\Aura\aura-kpi) | C14: 2.3 | D14: #kpi/list | E14: Oddelenia | F14: zoznam (12 riadkov)
A15: Aura KPI | B15: aura-kpi (C:\Aura\aura-kpi) | C15: 2.4 | D15: #kpi/analyza | E15: Analýza | F15: heatmapa + A/B
... A58: Globálne | B58: mockup Aura Suite | C58: 0.4 | D58: #profile | E58: Profil | F58: profilová stránka používateľa
A60: Spolu obrazoviek | C60: =COUNTA(E5:E58) | E60: =COUNTIF(A5:A58,"Globálne")&" globálnych"

Sheet Náklady
A1: Náklady
A2: Vlastné Aura appky nemajú licenčný náklad — bežia na vlastnom hardware v Dockeri. Register externých SaaS je z obrazovky HR → Aplikácie; sumy sú tam označené ako čiastočne ukážkové.
A4: Externé SaaS aplikácie
A5: Aplikácia | B5: Účel | C5: Vlastník | D5: € / mes. | E5: Licencie | F5: Stav | G5: Overenie
A6: Asana | B6: Projekty a úlohy | C6: Delaja | D6: 280 | E6: 15 | F6: aktívna | G6: ukážkové
A7: Shoptet | B7: E-shop platforma | C7: Delaja | D7: 240 | E7: 1 | F7: aktívna | G7: ukážkové
A8: Ahrefs | B8: SEO analýza | C8: Gabika | D8: 220 | E8: 1 | F8: aktívna | G8: ukážkové
A9: Google Workspace | B9: Maily a dokumenty | C9: Daniel | D9: 180 | E9: 90 | F9: aktívna | G9: ukážkové
A10: Adobe CC | B10: Grafika a fotky | C10: Ema | D10: 120 | E10: 2 | F10: nevyužitá | G10: ukážkové
A11: Figma | B11: Návrhy bannerov a UI | C11: Ema | D11: 90 | E11: 3 | F11: aktívna | G11: ukážkové
A12: Slack | B12: Interná komunikácia | C12: Daniel | D12: 70 | E12: 12 | F12: aktívna | G12: ukážkové
A13: Canva Pro | B13: Rýchla grafika CS | C13: Hajnalka | D13: 40 | E13: 2 | F13: nevyužitá | G13: ukážkové
A14: Spolu / mes. | C14: =COUNTA(A6:A13)&" aplikácií" | D14: =SUM(D6:D13) | E14: =SUM(E6:E13)
A15: Z toho nevyužité | B15: potenciál úspory podľa appky (Adobe CC + Canva Pro) | D15: =SUMIF(F6:F13,"nevyužitá",D6:D13) | F15: =D15/D14
A17: Interné rozpočty a prevádzkové náklady
A18: Položka | B18: Popis | C18: Vlastník | D18: Suma | E18: Obdobie | F18: Poznámka | G18: Overenie
A19: AI budget — Marketing | B19: Mesačný strop na generovanie bannerov; provider default mock, reálne čerpanie 0 € | C19: Gabika | D19: 300 | E19: strop / mes. | F19: ukážkové čerpanie 62 % = 186 € | G19: ukážkové
A20: Poštovné — Logistika | B20: Prevádzkový náklad dopravy z e-shop dát, júl 2026 | C20: Daniel | D20: 11603 | E20: júl 2026 | F20: z e-shop dát | G20: ukážkové
A22: • Register SaaS aplikácií je z obrazovky HR → Aplikácie; README aj obrazovka označujú sumy ako čiastočne ukážkové.
A23: • Adobe CC (120 €) a Canva Pro (40 €) sú v appke označené ako nevyužité → potenciál úspory 160 € / mes., t. j. ~13 % nákladov.
A24: • Vlastné Aura appky nemajú licenčný náklad — bežia na vlastnom hardware v Dockeri.

Sheet Riziká
A1: Riziká a otvorené body
A2: Vychádzajú z reconu reálnych aplikácií (Hades pamäť) — v tomto repe ich nevidno, preto sú vedené ako rekonštruované. Zoradené od najzávažnejších.
A4: Modul | B4: Riziko / otvorený bod | C4: Dopad | D4: Závažnosť | E4: Stav | F4: Kontext a zmiernenie | G4: Zdroj
A5: Logistika | B5: Fallback ADMIN_PASSWORD || "admin123" na appke publikovanej na 0.0.0.0:3020 | C5: Ktokoľvek v sieti sa dostane do evidencie zásielok a reklamácií. | D5: vysoké | E5: otvorené | F5: KPI to už odstránil commitom 6169eb0 a pridal fail-closed bootcheck — rovnaký postup treba zopakovať tu. | G5: Hades · recon 3. 8. 2026
A6: Marketing | B6: Produkcia sperky-ai sa nestavia z main | C6: Kto spustí docker compose -f docker-compose.prod.yml up -d --build, prepne live dizajn zo zlatej na teal bez toho, aby sa dotkol jediného súboru — vyzerá to ako rutinný restart. | D6: vysoké | E6: otvorené | F6: Poistka existuje: image aura-web:gold-c6f4061 + záloha DB aura_marketing_pre-teal-deploy_20260730.sql. | G6: Hades · Aura redizajn
A7: Tržby | B7: Appka neexistuje — modul je len statický HTML report | C7: Čísla sa nedajú aktualizovať bez ručného exportu; závisí na sperky-ai /api/orders/export, ktorý vznikne až s fázou F6. | D7: vysoké | E7: blokuje | F7: Plán: vanilla SPA port 3060, nightly sync 03:00. | G7: Hades · Aura Hub + plán F2–F6
A8: Spoločné | B8: Aura Hub nemá vlastné prihlásenie (loopback-only + noindex) | C8: Pri tunelovaní cez ngrok by boli hlavičkové čísla všetkých appiek verejné bez hesla. | D8: vysoké | E8: otvorené | F8: Pred tunelovaním pridať auth. Plán gateway: Caddy forward_auth na hub + HMAC identity hlavičky. | G8: Hades · Aura Hub
A9: Marketing | B9: A11Y: --on-accent #ffffff bez dark override | C9: Biela na #05bcc4 ≈ 2,2 : 1 v dark režime (sperky-ai, ads-hierarchy, mindmap-orient); 4 vanilla appky token nemajú vôbec a hardcodujú color:#fff. | D9: stredné | E9: otvorené | F9: Správne to majú len aura-prototype a aura-roadmap. | G9: Hades · Aura redizajn
A10: Marketing | B10: sperky-ai: 0 UI i18n na ~233 000 riadkoch, 0 render testov na 52 komponentov, 5 760 inline style={{}} | C10: Appku nie je možné prefarbiť zmenou tokenov ani preložiť bez samostatného projektu (odhad 3–5 M tokenov). | D10: stredné | E10: otvorené | F10: Vizuál je v JSX s hardcoded hodnotami — 5 760 inline style vs 3 829 className. | G10: Hades · recon 3. 8. 2026
A11: KPI | B11: Otvorené body po MVP: zmeniť ADMIN_PASSWORD, chýba read-only DB user kpi_ro, chýba year_refs UI | C11: Bez kpi_ro sa integrácie Logistika + Marketing robia ručne; bez year_refs sa YoY tržba a Import tolerancia nedopočítajú. | D11: stredné | E11: otvorené | F11: Plus exceljs padá na zakázaných znakoch v názvoch hárkov. | G11: Hades · Aura KPI
A12: Roadmap | B12: Chýba endpoint /api/summary pre Aura Hub | C12: Karta Roadmap na rozcestníku nemá živé dáta — hlási dôvod namiesto čísla. | D12: stredné | E12: otvorené | F12: Rozpracované necommitnuté zmeny zostali na branchi feat/suite-visuals (5 súborov vrátane env.ts a rateLimit.ts) — agenti spadli na session limit. | G12: Hades · Aura Hub
A13: HR | B13: Endpoint /api/summary neexistuje vôbec | C13: Modul HR na rozcestníku nikdy nedá živé číslo. | D13: stredné | E13: otvorené | F13: Zároveň appka nemá v pamäti zaznamenaný port ani git repo. | G13: Hades · Aura Hub
A14: Tržby | B14: Nesúlad rozhodnutia a mockupu: zisk a marža | C14: Reálna appka ich má VYNECHAŤ (nie sú nákupné ceny), mockup ich zobrazuje (zisk 126 541 €, marža 66,1 %). | D14: stredné | E14: na rozhodnutie | F14: Ak sa čísla majú zachovať, treba doplniť nákupné ceny do zdroja dát. | G14: Hades · plán F2–F6
A15: Logistika | B15: 0 testov a do 3. 8. 2026 žiadne verziovanie | C15: Zmeny sa nedali vrátiť ani auditovať; regresie nikto nezachytí. | D15: stredné | E15: čiastočne vyriešené | F15: Baseline commit 41b7165 už existuje, testy stále chýbajú. | G15: Hades · recon 3. 8. 2026
... A20: Spoločné | B20: Repo Aura-ai nemá CI workflow | C20: Nič nekontroluje HTML ani screenshot pipeline pri push. | D20: nízke | E20: otvorené | F20: Verifikácia beží len ručne cez apps/build/shoot.mjs. | G20: Hades · hub náhľad
A22: Spolu | B22: =COUNTA(B5:B20)&" rizík" | D22: =COUNTIF(D5:D20,"vysoké")&" vysokých"
